epoch,time,train/box,train/cls,train/dfl,vp_metrics/precision(B),vp_metrics/recall(B),vp_metrics/mAP50(B),vp_metrics/mAP50-95(B),vp_metrics/APr(B),vp_metrics/APc(B),vp_metrics/APf(B),val/box,val/cls,val/dfl,lr/pg0,lr/pg1,lr/pg2
1,2882.86,0.92181,0.9849,1.13054,0.14842,0.2136,0.33157,0.24013,0.20288,0.25692,0.23193,0,0,0,0.00266642,0.00266642,0.00266642
2,5521.69,0.91454,0.87983,1.12673,0.16482,0.20884,0.33629,0.24386,0.19777,0.26154,0.23648,0,0,0,0.00269321,0.00269321,0.00269321
